id,BHK,Bathroom,Parking,Price,Per_Sqft,Furnishing
0,3,2.0,1.0,6500000,12500.0,1
1,2,2.0,1.0,5000000,6667.0,1
2,2,2.0,1.0,15500000,6667.0,0
3,2,2.0,1.0,4200000,6667.0,1
4,2,2.0,1.0,6200000,6667.0,1
5,4,3.0,1.0,15500000,6667.0,1
6,4,3.0,1.0,10000000,6667.0,1
7,2,2.0,1.0,4000000,6154.0,1
8,3,3.0,1.0,6800000,6154.0,2
9,4,4.0,1.0,15000000,6154.0,1
10,3,2.0,1.0,6200000,6154.0,1
11,3,2.0,1.0,7700000,6154.0,1
12,2,2.0,1.0,5500000,6154.0,1
13,2,2.0,1.0,5000000,6154.0,1
14,2,2.0,1.0,3310000,6154.0,1
15,2,2.0,1.0,4700000,6154.0,1
16,2,2.0,1.0,4500000,6154.0,1
17,4,3.0,1.0,17000000,6154.0,1
18,3,3.0,1.0,25000000,6154.0,1
19,2,2.0,1.0,6000000,6154.0,1
20,2,2.0,1.0,11000000,6154.0,1
21,3,2.0,5.0,4500000,6154.0,1
22,1,1.0,2.0,5300000,6154.0,0
23,2,2.0,1.0,10500000,6154.0,1
24,2,2.0,1.0,12000000,6154.0,1
25,3,3.0,1.0,7000000,6364.0,0
26,3,2.0,1.0,7000000,8750.0,1
27,1,1.0,1.0,3400000,8750.0,1
28,2,2.0,1.0,5000000,8750.0,0
29,4,4.0,1.0,21000000,9722.0,0
30,1,2.0,1.0,13500000,15687.005888125614,2
31,2,2.0,1.0,15000000,15687.005888125614,2
32,2,2.0,1.0,10500000,15687.005888125614,2
33,3,2.0,1.0,22500000,15687.005888125614,1
34,2,2.0,1.0,13600000,15687.005888125614,2
35,3,3.0,2.0,30000000,15687.005888125614,1
36,2,2.0,1.0,13500000,15687.005888125614,1
37,2,2.0,1.0,8910000,15687.005888125614,1
38,3,4.0,1.0,25000000,15687.005888125614,2
39,3,3.0,4.0,26000000,15687.005888125614,1
40,3,3.0,1.0,30000000,15687.005888125614,1
41,2,2.0,1.0,12500000,15687.005888125614,0
42,3,3.0,1.0,21000000,15687.005888125614,1
43,2,2.0,1.0,7800000,15687.005888125614,2
44,2,2.0,1.0,11500000,15687.005888125614,1
45,2,2.0,1.0,11500000,15687.005888125614,1
46,3,3.0,2.0,26000000,15687.005888125614,1
47,2,2.0,2.0,13000000,14444.0,1
48,3,3.0,1.0,22000000,22000.0,1
49,2,2.0,1.0,15800000,22000.0,1
50,4,4.0,2.0,57500000,22000.0,2
51,2,2.0,2.0,10000000,22000.0,2
52,3,3.0,2.0,30000000,22000.0,2
53,3,3.0,2.0,22000000,22000.0,2
54,3,3.0,2.0,24000000,22000.0,1
55,3,3.0,1.0,31500000,22000.0,1
56,2,2.0,1.0,14600000,22000.0,1
57,4,5.0,1.0,240000000,22000.0,1
58,2,2.0,1.0,8300000,22000.0,1
59,3,3.0,1.0,22500000,22000.0,2
60,1,1.0,2.0,4600000,15687.005888125614,0
61,2,1.0,2.0,1900000,2235.0,1
62,3,2.0,1.0,5130000,3800.0,2
63,4,4.0,1.0,5890000,4247.0,2
64,3,2.0,1.0,3700000,3524.0,2
65,3,2.0,1.0,17400000,3524.0,2
66,3,3.0,1.0,15500000,3524.0,1
67,2,1.0,1.0,2400000,3524.0,1
68,3,2.0,1.0,17200000,3524.0,1
69,3,2.0,2.0,14200000,3524.0,0
70,3,3.0,1.0,13500000,3524.0,1
71,4,4.0,1.0,30000000,3524.0,1
72,4,3.0,1.0,21000000,3524.0,2
73,4,3.0,1.0,20500000,3524.0,2
74,3,4.0,1.0,24000000,3524.0,1
75,4,2.0,1.0,16500000,3524.0,1
76,3,2.0,1.0,14900000,3524.0,1
77,4,3.0,1.0,19200000,3524.0,0
78,3,3.0,1.0,14500000,3524.0,1
79,3,3.0,1.0,15600000,3524.0,1
80,3,2.0,1.0,11400000,3524.0,2
81,4,4.0,1.0,31500000,3524.0,0
82,3,2.0,2.0,15800000,3524.0,0
83,3,3.0,2.0,16000000,3524.0,1
84,3,3.0,1.0,14500000,3524.0,1
85,2,2.0,1.0,10500000,3524.0,2
86,3,2.0,1.0,14800000,3524.0,1
87,1,1.0,1.0,1850000,3524.0,1
88,3,2.0,1.0,6800000,3524.0,1
89,3,3.0,1.0,14200000,3524.0,1
90,1,1.0,1.0,8900000,15687.005888125614,1
91,3,3.0,2.0,37500000,15687.005888125614,1
92,3,3.0,2.0,30000000,15687.005888125614,1
93,3,3.0,2.0,21000000,15687.005888125614,1
94,4,4.0,2.0,57500000,15687.005888125614,2
95,3,3.0,1.0,30000000,15687.005888125614,1
96,3,3.0,1.0,30000000,15687.005888125614,2
97,3,3.0,1.0,31500000,15687.005888125614,1
98,3,3.0,1.0,30000000,15687.005888125614,2
99,3,3.0,1.0,41500000,15687.005888125614,2
100,3,3.0,1.0,24800000,15687.005888125614,1
101,3,3.0,2.0,35000000,15687.005888125614,1
102,3,3.0,1.0,40000000,26666.0,1
103,4,5.0,1.0,46000000,15972.0,2
104,4,4.0,2.0,55000000,183333.0,1
105,3,3.0,1.0,24500000,183333.0,2
106,3,3.0,1.0,24500000,183333.0,2
107,3,3.0,1.0,32500000,183333.0,1
108,2,2.0,1.0,20000000,20000.0,0
109,4,5.0,1.0,240000000,20000.0,1
110,2,2.0,1.0,20000000,20000.0,0
111,3,3.0,2.0,19000000,20000.0,0
112,3,3.0,2.0,26000000,20000.0,2
113,3,3.0,1.0,21000000,15556.0,2
114,3,3.0,1.0,27500000,16176.0,1
115,3,3.0,2.0,32500000,16176.0,1
116,3,3.0,1.0,45000000,16176.0,1
117,3,3.0,1.0,21000000,15556.0,1
118,3,3.0,1.0,28000000,15556.0,2
119,3,3.0,2.0,29500000,15556.0,2
120,1,2.0,1.0,13500000,15687.005888125614,2
121,2,2.0,1.0,14000000,15687.005888125614,2
122,3,3.0,4.0,26000000,15687.005888125614,1
123,2,2.0,4.0,12500000,9259.0,0
124,3,3.0,2.0,26000000,9259.0,1
125,2,2.0,2.0,11500000,9259.0,1
126,2,2.0,2.0,14600000,9259.0,1
127,3,3.0,1.0,25500000,9259.0,1
128,3,3.0,2.0,31000000,18507.0,1
129,3,3.0,2.0,22000000,18507.0,1
130,2,2.0,2.0,13400000,18507.0,1
131,3,3.0,2.0,35000000,18507.0,1
132,2,2.0,2.0,11000000,18507.0,0
133,2,2.0,2.0,6300000,7000.0,2
134,2,2.0,2.0,12500000,7000.0,0
135,2,2.0,1.0,14500000,7000.0,2
136,2,3.0,1.0,22500000,7000.0,1
137,2,2.0,1.0,15500000,7000.0,1
138,3,3.0,1.0,26000000,7000.0,1
139,2,2.0,1.0,15800000,7000.0,1
140,2,2.0,1.0,15000000,7000.0,2
141,2,2.0,1.0,13000000,7000.0,2
142,2,2.0,1.0,15000000,7000.0,2
143,3,3.0,1.0,25000000,7000.0,1
144,2,2.0,1.0,16500000,7000.0,1
145,2,2.0,1.0,10300000,7000.0,2
146,3,3.0,1.0,26000000,7000.0,1
147,2,2.0,1.0,11000000,7000.0,2
148,3,3.0,1.0,28500000,7000.0,2
149,2,2.0,1.0,11000000,7000.0,2
150,2,1.0,1.0,11000000,15687.005888125614,0
151,3,2.0,1.0,4500000,15687.005888125614,1
152,2,1.0,1.0,3600000,72000.0,2
153,3,2.0,1.0,4300000,43000.0,0
154,3,2.0,1.0,4000000,4444.0,1
155,2,2.0,1.0,1650000,3300.0,1
156,1,1.0,1.0,2000000,4444.0,0
157,2,2.0,1.0,3000000,40000.0,1
158,2,1.0,1.0,1400000,5185.0,1
159,2,1.0,1.0,2000000,4000.0,1
160,2,2.0,1.0,2000000,4000.0,2
161,1,1.0,1.0,2000000,4000.0,0
162,3,4.0,1.0,2600000,3567.0,0
163,6,3.0,1.0,5100000,1259.0,0
164,6,4.0,1.0,6000000,2500.0,0
165,2,2.0,1.0,4000000,2500.0,0
166,2,3.0,1.0,6200000,2500.0,0
167,1,2.0,1.0,3500000,5255.0,0
168,2,2.0,1.0,7600000,5255.0,1
169,4,3.0,1.0,13500000,5255.0,1
170,4,3.0,1.0,12500000,5255.0,1
171,3,2.0,1.0,6500000,5255.0,1
172,4,4.0,2.0,22000000,5255.0,2
173,3,2.0,1.0,6000000,5255.0,1
174,3,2.0,1.0,7300000,5255.0,1
175,3,2.0,1.0,7600000,5255.0,1
176,4,4.0,1.0,20000000,5255.0,1
177,4,4.0,1.0,15000000,5255.0,1
178,3,2.0,1.0,6200000,5255.0,1
179,3,2.0,1.0,6200000,5255.0,0
180,1,1.0,1.0,2300000,15687.005888125614,1
181,2,2.0,1.0,5000000,6667.0,1
182,2,2.0,1.0,4700000,6528.0,1
183,2,2.0,1.0,5500000,6875.0,1
184,1,1.0,1.0,2000000,5714.0,1
185,3,2.0,1.0,7300000,7449.0,1
186,4,3.0,1.0,13000000,8125.0,1
187,3,3.0,1.0,11500000,7931.0,1
188,2,2.0,1.0,2800000,7931.0,1
189,1,1.0,1.0,2200000,5789.0,1
190,2,2.0,1.0,4400000,6471.0,1
191,3,3.0,1.0,13500000,8438.0,1
192,2,2.0,1.0,4100000,6508.0,1
193,3,2.0,1.0,12000000,8000.0,1
194,2,2.0,1.0,3500000,6364.0,1
195,4,3.0,1.0,15000000,6000.0,1
196,5,4.0,1.0,17500000,6250.0,1
197,1,1.0,1.0,1900000,6333.0,1
198,3,2.0,1.0,5500000,6875.0,1
199,3,2.0,1.0,10000000,6875.0,1
200,3,2.0,1.0,4700000,6714.0,1
201,1,1.0,1.0,2400000,6714.0,1
202,2,2.0,1.0,3800000,6714.0,1
203,4,4.0,1.0,23000000,6714.0,1
204,4,4.0,1.0,24500000,6714.0,1
205,3,2.0,1.0,10000000,6714.0,1
206,3,2.0,1.0,5500000,6714.0,1
207,3,2.0,1.0,7000000,6714.0,1
208,3,2.0,1.0,6500000,6714.0,1
209,5,4.0,1.0,135000000,28797.0,2
210,2,2.0,1.0,5000000,6667.0,1
211,4,4.0,1.0,93000000,23840.0,2
212,3,2.0,1.0,4370000,4600.0,0
213,3,2.0,1.0,4620000,4620.0,2
214,2,1.0,1.0,1900000,2235.0,1
215,4,4.0,1.0,70000000,2235.0,1
216,3,2.0,1.0,5130000,3800.0,2
217,2,2.0,1.0,3000000,5000.0,1
218,4,4.0,1.0,5890000,4247.0,2
219,2,2.0,1.0,3300000,6111.0,1
220,2,2.0,1.0,24900000,25512.0,0
221,3,2.0,1.0,3700000,3524.0,2
222,4,3.0,1.0,60000000,22222.0,1
223,3,2.0,1.0,17400000,22222.0,2
224,5,5.0,1.0,51000000,22222.0,0
225,5,6.0,4.0,170000000,22222.0,2
226,3,2.0,1.0,5510000,22222.0,1
227,3,3.0,2.0,25000000,22222.0,0
228,3,3.0,1.0,57000000,24718.0,2
229,2,2.0,1.0,2940000,24718.0,1
230,3,3.0,1.0,15500000,24718.0,1
231,3,2.0,1.0,17200000,24718.0,1
232,4,3.0,2.0,55000000,30556.0,1
233,2,2.0,1.0,15000000,30556.0,1
234,4,4.0,2.0,51000000,30556.0,1
235,4,3.0,1.0,13000000,30556.0,1
236,3,3.0,1.0,30000000,18750.0,1
237,2,2.0,1.0,2400000,18750.0,1
238,4,3.0,1.0,5500000,18750.0,2
239,4,4.0,2.0,45000000,15687.005888125614,1
240,4,4.0,2.0,60000000,120000.0,1
241,4,4.0,2.0,65000000,120000.0,1
242,5,5.0,9.0,220000000,120000.0,1
243,4,4.0,2.0,60000000,120000.0,2
244,3,3.0,2.0,38500000,120000.0,1
245,3,3.0,2.0,50000000,120000.0,1
246,4,4.0,2.0,75000000,120000.0,1
247,4,4.0,2.0,70000000,120000.0,0
248,4,7.0,3.0,160000000,15459.0,1
249,3,4.0,1.0,85000000,15459.0,1
250,3,3.0,2.0,40000000,15459.0,1
251,4,4.0,2.0,90000000,15459.0,2
252,4,5.0,2.0,56000000,15459.0,1
253,5,5.0,2.0,135500000,15459.0,1
254,3,3.0,2.0,60000000,15459.0,1
255,4,5.0,4.0,170000000,15459.0,2
256,4,4.0,2.0,50000000,15459.0,1
257,4,5.0,2.0,58000000,15459.0,1
258,3,3.0,2.0,37500000,15459.0,1
259,3,3.0,1.0,45000000,15459.0,2
260,4,4.0,3.0,70000000,15459.0,1
261,6,4.0,2.0,29500000,15459.0,1
262,4,4.0,1.0,60000000,23529.0,2
263,4,4.0,2.0,70000000,23529.0,1
264,3,3.0,2.0,50000000,23529.0,1
265,4,5.0,2.0,75000000,23529.0,1
266,4,4.0,2.0,52500000,23529.0,1
267,4,4.0,2.0,55000000,23529.0,1
268,4,4.0,2.0,120000000,16667.0,1
269,4,4.0,1.0,65000000,15687.005888125614,1
270,4,4.0,2.0,75000000,15687.005888125614,2
271,4,4.0,2.0,47500000,15687.005888125614,1
272,5,5.0,1.0,70000000,20000.0,1
273,4,4.0,2.0,47500000,20000.0,1
274,4,4.0,1.0,40000000,20000.0,1
275,4,4.0,3.0,85000000,20000.0,1
276,3,3.0,3.0,26000000,20000.0,1
277,4,4.0,3.0,35000000,11111.0,1
278,2,2.0,3.0,20000000,11111.0,1
279,4,5.0,3.0,79000000,21409.0,1
280,3,2.0,3.0,17000000,21409.0,1
281,4,4.0,2.0,47500000,95000.0,1
282,4,4.0,2.0,43000000,15363.0,1
283,3,3.0,1.0,26000000,19259.0,2
284,3,3.0,1.0,25000000,20833.0,2
285,4,5.0,2.0,51000000,20833.0,1
286,3,3.0,2.0,40000000,20833.0,1
287,3,3.0,1.0,22500000,20833.0,2
288,4,4.0,1.0,70000000,20833.0,1
289,4,4.0,2.0,45000000,20930.0,2
290,4,4.0,2.0,51100000,20930.0,1
291,3,3.0,1.0,25500000,20930.0,1
292,3,3.0,2.0,26500000,20930.0,2
293,2,2.0,1.0,15000000,20930.0,2
294,4,4.0,2.0,55000000,20930.0,1
295,3,3.0,2.0,26000000,20930.0,1
296,4,4.0,2.0,38000000,20930.0,1
297,4,5.0,2.0,72500000,20930.0,1
298,4,5.0,4.0,65000000,20930.0,1
299,2,2.0,1.0,4600000,15687.005888125614,2
300,2,2.0,1.0,9200000,15687.005888125614,1
301,4,3.0,2.0,9500000,15687.005888125614,2
302,2,2.0,1.0,4500000,15687.005888125614,1
303,3,2.0,1.0,6500000,15687.005888125614,1
304,3,2.0,1.0,5650000,15687.005888125614,0
305,3,3.0,1.0,9300000,6526.0,1
306,2,2.0,1.0,2700000,6526.0,2
307,2,2.0,1.0,6500000,6526.0,0
308,2,2.0,1.0,5800000,6526.0,1
309,3,2.0,1.0,5500000,6526.0,1
310,3,2.0,1.0,6000000,6526.0,1
311,2,2.0,1.0,4500000,6526.0,2
312,2,2.0,2.0,4100000,6526.0,1
313,3,2.0,2.0,3800000,6526.0,1
314,2,1.0,1.0,3300000,6526.0,2
315,2,1.0,1.0,2900000,6526.0,2
316,2,1.0,1.0,2000000,6526.0,2
317,2,1.0,1.0,1550000,6526.0,2
318,4,3.0,1.0,11300000,6526.0,1
319,3,2.0,1.0,4500000,6526.0,1
320,2,1.0,1.0,3300000,3901.0,2
321,4,3.0,1.0,11500000,3901.0,0
322,3,2.0,1.0,6000000,3901.0,1
323,3,2.0,1.0,9000000,3901.0,1
324,2,2.0,1.0,4500000,3901.0,0
325,4,3.0,1.0,14000000,3901.0,0
326,2,2.0,1.0,7300000,6347.0,1
327,1,1.0,1.0,1900000,41304.0,0
328,3,2.0,4.0,7000000,41304.0,0
329,3,2.0,1.0,6000000,15687.005888125614,1
330,1,2.0,1.0,6400000,15687.005888125614,1
331,2,1.0,1.0,2700000,5000.0,0
332,2,2.0,1.0,6500000,8701.0,0
333,2,1.0,1.0,4000000,5556.0,2
334,1,1.0,1.0,3000000,85715.0,1
335,2,2.0,1.0,5000000,4444.0,2
336,2,2.0,1.0,6000000,4444.0,1
337,1,1.0,1.0,2500000,6944.0,2
338,2,2.0,1.0,6500000,7222.0,1
339,3,1.0,1.0,8000000,11220.0,2
340,2,1.0,1.0,2700000,5357.0,0
341,1,2.0,1.0,4500000,5357.0,2
342,3,2.0,1.0,5700000,6706.0,0
343,4,3.0,1.0,25000000,10288.0,0
344,3,3.0,1.0,70000000,28283.0,0
345,7,4.0,1.0,26500000,8923.0,0
346,3,2.0,1.0,18500000,8222.0,0
347,5,3.0,1.0,30000000,20000.0,0
348,2,2.0,1.0,22000000,14550.0,0
349,2,2.0,1.0,9000000,14550.0,0
350,3,3.0,1.0,65000000,30093.0,0
351,3,2.0,1.0,22500000,35714.0,0
352,6,3.0,1.0,8700000,35714.0,0
353,6,5.0,1.0,22000000,35714.0,0
354,4,2.0,2.0,18500000,35714.0,0
355,2,1.0,2.0,16000000,22857.0,0
356,4,3.0,2.0,16000000,22857.0,0
357,4,2.0,2.0,9000000,12500.0,0
358,2,2.0,1.0,4500000,12500.0,0
359,3,2.0,1.0,6000000,15687.005888125614,1
360,1,2.0,1.0,2700000,15687.005888125614,2
361,3,2.0,1.0,6500000,15687.005888125614,2
362,3,2.0,1.0,4000000,4040.0,2
363,2,1.0,1.0,2600000,4040.0,1
364,2,1.0,1.0,3500000,7778.0,1
365,2,2.0,1.0,7500000,7778.0,2
366,3,2.0,1.0,7000000,7778.0,1
367,3,2.0,1.0,4500000,7778.0,1
368,3,3.0,2.0,5500000,7778.0,1
369,2,1.0,2.0,2700000,7778.0,1
370,2,2.0,2.0,2400000,32000.0,0
371,4,3.0,2.0,11500000,32000.0,2
372,2,2.0,2.0,3600000,32000.0,2
373,1,2.0,2.0,1700000,32000.0,2
374,2,1.0,2.0,2500000,32000.0,2
375,4,2.0,1.0,6600000,32000.0,0
376,2,1.0,1.0,3700000,32000.0,1
377,2,1.0,1.0,3500000,32000.0,2
378,3,2.0,1.0,5400000,32000.0,1
379,2,2.0,1.0,2550000,5666.0,1
380,3,3.0,1.0,12500000,5666.0,0
381,2,2.0,1.0,5600000,5666.0,2
382,2,2.0,1.0,7000000,11667.0,2
383,2,1.0,1.0,3500000,11667.0,2
384,4,4.0,1.0,35000000,112179.0,0
385,3,2.0,1.0,9000000,11111.0,1
386,1,1.0,1.0,2300000,11111.0,1
387,3,2.0,1.0,6000000,11111.0,1
388,3,2.0,1.0,6000000,11111.0,2
389,2,2.0,1.0,2650000,15687.005888125614,1
390,3,2.0,1.0,4370000,4600.0,0
391,3,2.0,1.0,4620000,4620.0,2
392,2,2.0,1.0,3000000,5000.0,1
393,2,2.0,1.0,3300000,6111.0,1
394,3,2.0,1.0,5510000,6111.0,1
395,2,2.0,1.0,3200000,6111.0,1
396,2,2.0,1.0,2600000,6111.0,1
397,3,2.0,1.0,4000000,6111.0,1
398,2,1.0,1.0,1850000,6111.0,1
399,1,1.0,1.0,1700000,6111.0,1
400,3,2.0,1.0,2800000,6111.0,1
401,2,2.0,1.0,2150000,6111.0,1
402,4,3.0,1.0,6800000,6111.0,1
403,3,2.0,1.0,6200000,6111.0,1
404,2,2.0,1.0,3100000,6111.0,1
405,3,2.0,1.0,3400000,6111.0,1
406,2,2.0,1.0,4000000,6111.0,2
407,2,2.0,1.0,4800000,6584.0,1
408,2,2.0,1.0,2500000,6584.0,1
409,1,1.0,1.0,2000000,6584.0,1
410,2,2.0,1.0,1900000,6584.0,1
411,3,2.0,1.0,5800000,5794.0,0
412,2,2.0,1.0,2900000,5794.0,2
413,2,1.0,1.0,2000000,5794.0,1
414,2,2.0,1.0,2600000,5794.0,1
415,2,1.0,1.0,2900000,5794.0,2
416,2,2.0,1.0,3200000,5794.0,2
417,3,2.0,1.0,5400000,5794.0,1
418,3,2.0,1.0,3800000,5794.0,1
419,5,4.0,1.0,135000000,28797.0,2
420,4,4.0,1.0,93000000,23840.0,2
421,2,3.0,1.0,8200000,23840.0,0
422,3,2.0,1.0,8000000,23840.0,2
423,3,2.0,1.0,9500000,23840.0,1
424,4,5.0,1.0,20000000,23840.0,1
425,2,2.0,3.0,7400000,23840.0,0
426,3,3.0,1.0,37500000,23840.0,1
427,4,4.0,3.0,15000000,7500.0,1
428,3,3.0,1.0,55300000,7500.0,1
429,3,3.0,2.0,26500000,7500.0,1
430,3,2.0,2.0,16000000,160000.0,1
431,3,2.0,2.0,10400000,11556.0,0
432,1,1.0,2.0,1700000,11556.0,2
433,2,2.0,2.0,8000000,8421.0,1
434,3,3.0,2.0,27000000,8421.0,1
435,3,3.0,2.0,19500000,8421.0,1
436,3,3.0,3.0,50000000,27778.0,0
437,3,3.0,3.0,21100000,11722.0,2
438,3,3.0,1.0,57000000,24718.0,2
439,2,3.0,1.0,5900000,24718.0,1
440,3,2.0,1.0,12000000,85714.0,2
441,3,2.0,1.0,12000000,13333.0,2
442,3,3.0,1.0,24000000,13333.0,2
443,1,1.0,1.0,7000000,13333.0,1
444,3,3.0,1.0,15000000,8418.0,1
445,2,2.0,1.0,1500000,1667.0,0
446,2,1.0,1.0,3950000,1667.0,1
447,3,3.0,1.0,12500000,8333.0,2
448,3,1.0,1.0,1600000,24242.0,2
449,4,4.0,2.0,36500000,15687.005888125614,2
450,3,2.0,1.0,20000000,15687.005888125614,1
451,2,2.0,1.0,15000000,15687.005888125614,1
452,3,2.0,2.0,25000000,15687.005888125614,1
453,3,2.0,2.0,18500000,15687.005888125614,1
454,4,3.0,2.0,23500000,15687.005888125614,2
455,1,1.0,1.0,8000000,15687.005888125614,1
456,3,2.0,1.0,23000000,15687.005888125614,2
457,3,3.0,1.0,31000000,15500.0,2
458,1,2.0,1.0,7400000,15500.0,1
459,2,2.0,1.0,15500000,15500.0,2
460,2,2.0,2.0,12000000,15500.0,1
461,3,2.0,2.0,23500000,15500.0,1
462,3,2.0,2.0,25000000,20833.0,1
463,1,2.0,2.0,7000000,20833.0,2
464,2,2.0,1.0,17500000,20833.0,2
465,3,2.0,1.0,25000000,20833.0,1
466,4,4.0,1.0,29000000,20833.0,2
467,3,3.0,1.0,21900000,20833.0,1
468,1,2.0,1.0,7500000,20833.0,0
469,4,3.0,2.0,23500000,10681.0,1
470,2,2.0,2.0,24000000,21818.0,1
471,3,2.0,2.0,31000000,21818.0,1
472,2,2.0,3.0,16500000,21818.0,1
473,2,2.0,1.0,5000000,21818.0,0
474,3,2.0,1.0,24000000,21818.0,0
475,2,2.0,1.0,17000000,14358.0,1
476,4,2.0,1.0,40000000,14358.0,0
477,4,4.0,5.0,22500000,14358.0,1
478,3,3.0,2.0,20000000,14358.0,0
479,5,4.0,1.0,135000000,28797.0,2
480,2,2.0,1.0,5000000,6667.0,1
481,4,4.0,1.0,93000000,23840.0,2
482,3,2.0,1.0,4370000,4600.0,0
483,3,2.0,1.0,4620000,4620.0,2
484,2,1.0,1.0,1900000,2235.0,1
485,4,4.0,1.0,70000000,2235.0,1
486,3,2.0,1.0,5130000,3800.0,2
487,2,2.0,1.0,3000000,5000.0,1
488,4,4.0,1.0,5890000,4247.0,2
489,2,2.0,1.0,3300000,6111.0,1
490,2,2.0,1.0,24900000,25512.0,0
491,3,2.0,1.0,3700000,3524.0,2
492,4,3.0,1.0,60000000,22222.0,1
493,3,2.0,1.0,17400000,22222.0,2
494,5,5.0,1.0,51000000,22222.0,0
495,5,6.0,4.0,170000000,22222.0,2
496,3,2.0,1.0,5510000,22222.0,1
497,3,3.0,2.0,25000000,22222.0,0
498,3,3.0,1.0,57000000,24718.0,2
499,2,2.0,1.0,2940000,24718.0,1
500,3,3.0,1.0,15500000,24718.0,1
501,3,2.0,1.0,17200000,24718.0,1
502,4,3.0,2.0,55000000,30556.0,1
503,2,2.0,1.0,15000000,30556.0,1
504,4,4.0,2.0,51000000,30556.0,1
505,4,3.0,1.0,13000000,30556.0,1
506,3,3.0,1.0,30000000,18750.0,1
507,2,2.0,1.0,2400000,18750.0,1
508,4,3.0,1.0,5500000,18750.0,2
509,2,2.0,1.0,2900000,58000.0,1
510,5,2.0,1.0,17000000,58000.0,1
511,3,3.0,1.0,25000000,18519.0,1
512,3,2.0,1.0,10000000,4444.0,1
513,2,1.0,1.0,7500000,4444.0,1
514,3,1.0,1.0,3600000,7143.0,1
515,3,2.0,1.0,35000000,7143.0,1
516,2,1.0,1.0,6000000,13333.0,2
517,4,2.0,1.0,17500000,9722.0,0
518,4,3.0,1.0,35000000,19444.0,0
519,5,2.0,1.0,10200000,6667.0,0
520,4,4.0,1.0,29000000,6667.0,2
521,4,3.0,1.0,41000000,6667.0,1
522,3,2.0,1.0,6000000,6667.0,0
523,2,1.0,1.0,2500000,6667.0,0
524,1,1.0,1.0,2200000,6667.0,2
525,2,2.0,1.0,21500000,6667.0,0
526,4,1.0,1.0,15000000,6667.0,0
527,5,6.0,1.0,28900000,6667.0,0
528,3,2.0,1.0,5500000,6667.0,2
529,2,1.0,1.0,1950000,6667.0,1
530,2,1.0,1.0,3800000,6667.0,2
531,2,1.0,1.0,6200000,6667.0,1
532,4,3.0,1.0,14000000,6667.0,0
533,2,2.0,1.0,7500000,6667.0,2
534,2,2.0,1.0,2670000,6667.0,2
535,2,2.0,1.0,2500000,6667.0,1
536,3,2.0,1.0,4000000,4040.0,2
537,2,1.0,1.0,3500000,7778.0,1
538,2,2.0,1.0,5000000,5000.0,2
539,4,3.0,2.0,29500000,21071.0,1
540,3,2.0,1.0,19000000,14074.0,2
541,4,3.0,1.0,25500000,14074.0,0
542,4,4.0,3.0,75000000,28846.0,1
543,4,5.0,4.0,75000000,28846.0,1
544,3,3.0,1.0,34000000,28846.0,1
545,4,4.0,1.0,47500000,28846.0,1
546,4,5.0,3.0,75000000,28846.0,1
547,3,3.0,2.0,23000000,28846.0,1
548,3,2.0,1.0,24000000,28846.0,1
549,3,2.0,2.0,21500000,28846.0,1
550,3,2.0,1.0,28500000,28846.0,1
551,4,4.0,1.0,12500000,6944.0,1
552,3,3.0,1.0,45000000,6944.0,2
553,4,3.0,2.0,30500000,6944.0,0
554,3,3.0,3.0,22500000,6944.0,1
555,3,3.0,1.0,28000000,6944.0,0
556,3,4.0,2.0,25000000,14705.0,1
557,4,4.0,2.0,33700000,14705.0,1
558,3,3.0,1.0,27000000,18000.0,1
559,4,4.0,2.0,43500000,18000.0,1
560,3,3.0,2.0,29000000,18000.0,1
561,3,3.0,2.0,30000000,17647.0,1
562,4,4.0,2.0,52100000,17647.0,1
563,3,3.0,1.0,32500000,18055.0,2
564,3,2.0,1.0,20500000,18055.0,1
565,4,3.0,1.0,25000000,12500.0,1
566,3,3.0,2.0,30000000,12500.0,1
567,4,5.0,2.0,51000000,12500.0,1
568,4,4.0,1.0,31000000,12500.0,1
569,3,3.0,1.0,37500000,15687.005888125614,1
570,3,3.0,1.0,32500000,15687.005888125614,1
571,3,3.0,4.0,37500000,25000.0,1
572,4,4.0,3.0,55000000,25000.0,1
573,4,4.0,2.0,87500000,25000.0,1
574,2,2.0,1.0,16300000,14818.0,2
575,4,4.0,2.0,65000000,14818.0,2
576,3,3.0,1.0,25000000,14818.0,2
577,3,3.0,1.0,38000000,14818.0,1
578,2,2.0,1.0,15000000,14818.0,2
579,2,1.0,1.0,2000000,14818.0,1
580,1,1.0,1.0,3000000,14818.0,2
581,2,2.0,1.0,8500000,14818.0,1
582,4,4.0,1.0,55000000,14818.0,1
583,3,3.0,2.0,22500000,14818.0,1
584,4,4.0,1.0,72500000,14818.0,1
585,6,7.0,1.0,160000000,14818.0,0
586,3,3.0,1.0,12500000,14818.0,1
587,2,2.0,1.0,17000000,14818.0,1
588,4,4.0,3.0,82500000,14818.0,2
589,4,5.0,2.0,55000000,14818.0,1
590,3,3.0,1.0,35000000,14818.0,1
591,4,4.0,2.0,42500000,14818.0,1
592,2,2.0,1.0,4700000,14818.0,1
593,4,5.0,2.0,52500000,14818.0,2
594,4,4.0,3.0,80000000,14818.0,1
595,3,2.0,1.0,11000000,14818.0,2
596,4,5.0,3.0,74000000,14818.0,1
597,3,3.0,1.0,37500000,14818.0,1
598,4,4.0,3.0,52500000,23863.0,1
599,3,3.0,1.0,26000000,15687.005888125614,1
600,3,2.0,1.0,15500000,15687.005888125614,2
601,3,3.0,1.0,22000000,15687.005888125614,2
602,3,3.0,1.0,21000000,15687.005888125614,1
603,2,2.0,1.0,5000000,15687.005888125614,1
604,3,3.0,1.0,22000000,15687.005888125614,2
605,3,2.0,1.0,26500000,14722.0,2
606,2,2.0,1.0,8770000,14722.0,2
607,1,1.0,1.0,4500000,14722.0,1
608,2,3.0,1.0,8500000,14722.0,1
609,2,2.0,1.0,8600000,14722.0,2
610,4,3.0,1.0,42500000,14722.0,1
611,3,2.0,2.0,13100000,14722.0,1
612,2,2.0,2.0,7000000,14722.0,2
613,3,3.0,2.0,30000000,14722.0,0
614,2,2.0,2.0,13000000,14722.0,1
615,4,3.0,2.0,23100000,14722.0,2
616,3,2.0,1.0,16000000,14722.0,1
617,2,2.0,1.0,12500000,13889.0,2
618,3,3.0,1.0,24500000,13889.0,0
619,1,1.0,1.0,3200000,13889.0,2
620,3,2.0,1.0,6300000,7875.0,2
621,3,3.0,1.0,15000000,11111.0,1
622,3,3.0,1.0,5700000,11111.0,2
623,3,2.0,1.0,21000000,11111.0,0
624,2,3.0,1.0,7500000,11111.0,2
625,2,1.0,1.0,6500000,10943.0,1
626,3,3.0,1.0,27500000,10943.0,1
627,3,2.0,1.0,12000000,10943.0,2
628,3,2.0,2.0,18000000,10943.0,1
629,3,3.0,1.0,15600000,15687.005888125614,1
630,3,3.0,1.0,15500000,15687.005888125614,1
631,3,3.0,1.0,15200000,15687.005888125614,1
632,3,3.0,1.0,25000000,15687.005888125614,0
633,3,2.0,1.0,15000000,15687.005888125614,0
634,3,2.0,1.0,15800000,15687.005888125614,1
635,4,3.0,1.0,31500000,15687.005888125614,0
636,3,3.0,1.0,14000000,15687.005888125614,1
637,3,2.0,1.0,13200000,15687.005888125614,1
638,3,2.0,1.0,15800000,15687.005888125614,1
639,3,3.0,1.0,16200000,15687.005888125614,2
640,3,2.0,1.0,15500000,15687.005888125614,1
641,3,2.0,1.0,14500000,15687.005888125614,1
642,3,2.0,1.0,14900000,15687.005888125614,1
643,3,3.0,1.0,17200000,15687.005888125614,0
644,3,3.0,1.0,18000000,15687.005888125614,0
645,3,2.0,1.0,15500000,15687.005888125614,1
646,3,2.0,1.0,15800000,15687.005888125614,0
647,2,2.0,1.0,12600000,15687.005888125614,0
648,3,2.0,1.0,15000000,15687.005888125614,1
649,4,2.0,1.0,19500000,15687.005888125614,0
650,3,3.0,1.0,16600000,15687.005888125614,1
651,3,3.0,1.0,17200000,15687.005888125614,1
652,2,2.0,1.0,13000000,15687.005888125614,1
653,4,3.0,1.0,16500000,15687.005888125614,1
654,2,2.0,1.0,10700000,10700.0,1
655,3,2.0,1.0,16200000,10700.0,0
656,3,2.0,1.0,16500000,10700.0,0
657,3,2.0,1.0,14900000,10700.0,0
658,4,3.0,1.0,27500000,10700.0,0
659,5,6.0,1.0,62500000,20492.0,1
660,5,5.0,3.0,70000000,20558.0,1
661,3,3.0,3.0,35500000,20558.0,1
662,3,3.0,3.0,42100000,20558.0,2
663,4,5.0,3.0,42500000,17000.0,1
664,3,4.0,2.0,44000000,21052.0,1
665,4,5.0,3.0,43200000,21052.0,1
666,4,4.0,2.0,52500000,21000.0,1
667,3,4.0,2.0,34300000,16333.0,0
668,3,3.0,2.0,38000000,18793.0,1
669,4,5.0,2.0,52500000,19811.0,0
670,3,3.0,2.0,37500000,20270.0,2
671,3,3.0,2.0,37000000,17619.0,1
672,3,4.0,2.0,40000000,17619.0,1
673,3,3.0,2.0,36200000,17197.0,1
674,2,3.0,1.0,29000000,17197.0,1
675,4,5.0,3.0,42500000,16654.0,0
676,5,6.0,3.0,60000000,19280.0,1
677,3,3.0,2.0,36500000,17176.0,1
678,3,4.0,2.0,42500000,20581.0,1
679,5,4.0,3.0,71500000,20999.0,1
680,5,5.0,3.0,65000000,21311.0,1
681,5,6.0,3.0,58000000,21311.0,1
682,2,2.0,2.0,27500000,18900.0,1
683,5,5.0,3.0,70000000,20588.0,1
684,5,5.0,3.0,65000000,20967.0,1
685,2,3.0,3.0,28600000,20967.0,2
686,3,3.0,2.0,39000000,18344.0,1
687,3,3.0,2.0,32500000,17906.0,1
688,3,3.0,2.0,34000000,17906.0,2
689,2,2.0,1.0,16500000,15687.005888125614,2
690,2,2.0,2.0,13800000,15687.005888125614,1
691,3,3.0,2.0,21000000,15687.005888125614,1
692,3,3.0,2.0,22500000,15687.005888125614,1
693,2,2.0,2.0,15000000,15687.005888125614,1
694,3,3.0,2.0,20000000,15687.005888125614,1
695,3,3.0,2.0,20000000,15687.005888125614,0
696,3,2.0,2.0,26000000,15687.005888125614,1
697,3,3.0,2.0,19500000,15687.005888125614,1
698,4,2.0,1.0,21500000,15687.005888125614,1
699,3,3.0,1.0,26500000,15687.005888125614,2
700,3,3.0,2.0,20000000,12500.0,1
701,3,3.0,1.0,18000000,12500.0,0
702,3,2.0,1.0,19000000,12500.0,2
703,4,4.0,2.0,36500000,12500.0,2
704,2,2.0,2.0,15000000,12500.0,2
705,2,2.0,2.0,17500000,12500.0,1
706,2,2.0,2.0,14000000,12500.0,1
707,3,3.0,2.0,21000000,12500.0,1
708,3,2.0,2.0,15600000,12500.0,2
709,3,3.0,2.0,19000000,12500.0,2
710,2,2.0,1.0,16500000,12500.0,2
711,3,3.0,1.0,19000000,12500.0,2
712,2,2.0,1.0,16500000,12500.0,2
713,1,1.0,1.0,3000000,12500.0,1
714,2,2.0,1.0,15000000,11538.0,1
715,2,2.0,1.0,14300000,11538.0,2
716,3,2.0,1.0,18500000,11538.0,2
717,3,3.0,1.0,19000000,11538.0,0
718,3,3.0,1.0,19000000,11538.0,1
719,3,2.0,1.0,13500000,15687.005888125614,1
720,4,2.0,2.0,15800000,15687.005888125614,1
721,10,4.0,2.0,17000000,15687.005888125614,1
722,4,2.0,1.0,15500000,15687.005888125614,1
723,3,2.0,2.0,16000000,15687.005888125614,1
724,2,2.0,2.0,12900000,15687.005888125614,0
725,3,3.0,2.0,13500000,15687.005888125614,0
726,4,2.0,2.0,17800000,15687.005888125614,0
727,2,2.0,2.0,13200000,15687.005888125614,0
728,3,3.0,2.0,14000000,15687.005888125614,1
729,4,2.0,2.0,17500000,15687.005888125614,0
730,3,2.0,2.0,17000000,15687.005888125614,1
731,2,2.0,2.0,13000000,15687.005888125614,0
732,3,3.0,2.0,17000000,15687.005888125614,0
733,2,2.0,2.0,12700000,15687.005888125614,0
734,3,2.0,2.0,13500000,15687.005888125614,0
735,4,2.0,2.0,17400000,15687.005888125614,0
736,4,2.0,2.0,17800000,15687.005888125614,0
737,2,2.0,2.0,12700000,15687.005888125614,0
738,4,2.0,2.0,16200000,15687.005888125614,0
739,2,2.0,2.0,11100000,15687.005888125614,0
740,2,2.0,2.0,13600000,15687.005888125614,0
741,2,2.0,2.0,13100000,15687.005888125614,0
742,2,2.0,2.0,12500000,15687.005888125614,0
743,3,2.0,2.0,13600000,15687.005888125614,0
744,4,4.0,2.0,12000000,6667.0,0
745,3,3.0,1.0,20000000,15384.0,0
746,2,2.0,1.0,13500000,15384.0,2
747,3,2.0,1.0,14000000,15384.0,2
748,2,2.0,2.0,10800000,15384.0,1
749,3,2.0,1.0,9000000,15687.005888125614,1
750,3,2.0,1.0,6300000,15687.005888125614,1
751,3,3.0,1.0,5500000,15687.005888125614,1
752,1,1.0,1.0,2350000,5222.0,1
753,3,3.0,1.0,8500000,5222.0,1
754,1,2.0,1.0,1650000,5222.0,1
755,2,2.0,1.0,10000000,8333.0,1
756,1,1.0,1.0,1500000,8333.0,2
757,2,2.0,1.0,2800000,8333.0,1
758,2,2.0,1.0,2600000,3714.0,1
759,1,1.0,1.0,2350000,3714.0,0
760,1,1.0,1.0,2350000,3714.0,2
761,1,1.0,1.0,2000000,3714.0,2
762,2,2.0,1.0,5000000,3714.0,1
763,2,2.0,1.0,3500000,3714.0,1
764,2,2.0,1.0,4500000,3714.0,1
765,2,2.0,1.0,4000000,3714.0,2
766,3,3.0,1.0,10800000,3714.0,2
767,3,2.0,1.0,10000000,3714.0,2
768,3,3.0,1.0,10800000,3714.0,2
769,3,2.0,1.0,9000000,3714.0,1
770,3,3.0,1.0,8500000,3714.0,1
771,3,2.0,1.0,6000000,3714.0,1
772,3,3.0,1.0,5500000,3714.0,1
773,3,2.0,1.0,7000000,7000.0,1
774,3,2.0,1.0,6000000,5455.0,0
775,3,2.0,1.0,3700000,4837.0,2
776,2,2.0,1.0,3100000,3444.0,1
777,2,2.0,1.0,4500000,3444.0,2
778,1,1.0,1.0,1500000,4167.0,1
779,3,2.0,1.0,7090000,15687.005888125614,1
780,2,2.0,1.0,4500000,15687.005888125614,1
781,4,3.0,1.0,5500000,15687.005888125614,2
782,3,4.0,2.0,63000000,15687.005888125614,1
783,3,2.0,2.0,6990000,15687.005888125614,1
784,2,2.0,1.0,4400000,15687.005888125614,1
785,4,4.0,1.0,12500000,15687.005888125614,1
786,2,2.0,1.0,3000000,15687.005888125614,1
787,2,2.0,1.0,2800000,15687.005888125614,1
788,3,3.0,4.0,5000000,15687.005888125614,2
789,3,3.0,4.0,6000000,15687.005888125614,2
790,2,2.0,4.0,4500000,15687.005888125614,2
791,2,2.0,1.0,2800000,15687.005888125614,2
792,2,2.0,1.0,2500000,15687.005888125614,1
793,4,4.0,1.0,8500000,15687.005888125614,1
794,2,2.0,1.0,3000000,4138.0,0
795,3,2.0,1.0,4900000,4138.0,1
796,2,2.0,1.0,3500000,4138.0,2
797,2,2.0,1.0,3000000,4138.0,1
798,3,2.0,1.0,7020000,4138.0,1
799,3,4.0,1.0,60000000,4138.0,2
800,2,2.0,1.0,3500000,4138.0,1
801,3,3.0,1.0,7000000,4138.0,1
802,2,1.0,2.0,7000000,4138.0,1
803,3,3.0,1.0,4500000,4138.0,1
804,3,2.0,1.0,5990000,4138.0,1
805,3,3.0,1.0,4400000,4138.0,1
806,2,2.0,4.0,2500000,4138.0,2
807,1,1.0,1.0,1600000,4138.0,1
808,3,3.0,1.0,6500000,4138.0,1
809,2,2.0,1.0,2750000,15687.005888125614,1
810,1,1.0,1.0,1500000,15687.005888125614,1
811,2,1.0,1.0,2200000,3259.0,2
812,2,2.0,1.0,2800000,3294.0,1
813,3,3.0,1.0,4500000,3294.0,1
814,1,1.0,1.0,1800000,3294.0,0
815,3,3.0,1.0,8500000,3294.0,2
816,3,3.0,1.0,8500000,3294.0,2
817,1,1.0,1.0,1700000,3294.0,2
818,3,3.0,2.0,7000000,3294.0,1
819,3,2.0,2.0,5600000,3294.0,2
820,4,3.0,2.0,13500000,8060.0,0
821,3,3.0,2.0,8500000,8060.0,2
822,3,3.0,5.0,6000000,8060.0,2
823,3,3.0,5.0,7200000,8060.0,2
824,3,2.0,1.0,6500000,8060.0,1
825,3,3.0,1.0,8400000,8060.0,1
826,3,3.0,1.0,8500000,8060.0,2
827,2,2.0,1.0,4000000,4678.0,1
828,1,1.0,1.0,1700000,3148.0,2
829,3,2.0,1.0,6000000,3148.0,2
830,1,1.0,1.0,1600000,3148.0,1
831,1,2.0,1.0,2100000,4200.0,1
832,1,1.0,1.0,1700000,3778.0,0
833,1,1.0,1.0,1500000,3778.0,2
834,1,1.0,1.0,1200000,2963.0,2
835,1,1.0,1.0,1650000,3667.0,2
836,2,2.0,1.0,3500000,3667.0,2
837,3,2.0,1.0,8500000,7727.0,2
838,2,2.0,1.0,3200000,5333.0,2
839,3,2.0,1.0,4400000,15687.005888125614,1
840,4,3.0,1.0,7200000,15687.005888125614,2
841,3,2.0,1.0,7500000,15687.005888125614,1
842,3,2.0,1.0,6500000,15687.005888125614,2
843,2,2.0,1.0,3500000,15687.005888125614,1
844,2,2.0,1.0,6500000,15687.005888125614,1
845,3,2.0,1.0,6200000,15687.005888125614,1
846,1,1.0,1.0,2500000,15687.005888125614,1
847,2,2.0,1.0,3000000,15687.005888125614,1
848,3,2.0,1.0,6000000,15687.005888125614,0
849,3,2.0,1.0,4800000,15687.005888125614,2
850,2,2.0,1.0,3790000,4922.0,1
851,3,2.0,1.0,4200000,4922.0,1
852,2,2.0,1.0,2900000,4922.0,2
853,3,2.0,1.0,5000000,4922.0,2
854,1,1.0,1.0,2100000,4922.0,1
855,2,2.0,1.0,3200000,4922.0,1
856,2,1.0,1.0,3000000,4922.0,1
857,1,1.0,1.0,2300000,4922.0,2
858,3,2.0,1.0,5900000,6556.0,1
859,3,2.0,1.0,5500000,5820.0,1
860,2,2.0,1.0,3500000,5820.0,2
861,2,1.0,1.0,1700000,3778.0,1
862,1,1.0,1.0,1850000,3778.0,2
863,2,2.0,1.0,2300000,3778.0,2
864,3,2.0,1.0,3800000,42222.0,0
865,3,2.0,1.0,4500000,42222.0,1
866,2,1.0,1.0,2200000,42222.0,1
867,3,2.0,1.0,5200000,42222.0,1
868,2,2.0,1.0,2200000,43137.0,1
869,1,2.0,2.0,1500000,15687.005888125614,2
870,1,1.0,2.0,2200000,4889.0,0
871,2,2.0,2.0,3800000,4222.0,1
872,1,1.0,1.0,1800000,5000.0,2
873,2,2.0,3.0,2850000,5092.0,0
874,1,1.0,3.0,2500000,7143.0,2
875,1,1.0,3.0,3500000,7143.0,2
876,1,1.0,3.0,2000000,5128.0,2
877,1,1.0,3.0,3000000,5128.0,2
878,1,1.0,3.0,2000000,5128.0,1
879,1,1.0,3.0,3500000,5128.0,2
880,1,1.0,3.0,1800000,3600.0,2
881,1,1.0,3.0,1600000,4571.0,2
882,1,1.0,1.0,1600000,4221.0,2
883,1,1.0,1.0,2000000,4221.0,2
884,1,1.0,1.0,1500000,4221.0,2
885,2,1.0,1.0,3000000,6636.0,0
886,1,1.0,1.0,1490000,4270.0,2
887,1,1.0,1.0,3500000,4270.0,0
888,3,3.0,1.0,4000000,4270.0,2
889,2,2.0,1.0,1750000,4270.0,2
890,2,2.0,1.0,4600000,4270.0,2
891,1,1.0,1.0,1800000,5143.0,1
892,2,2.0,1.0,1900000,3248.0,2
893,1,1.0,1.0,1000000,5051.0,0
894,1,1.0,1.0,1000000,5051.0,2
895,1,1.0,1.0,1000000,5051.0,2
896,1,1.0,1.0,3500000,5051.0,1
897,3,2.0,1.0,5000000,5051.0,0
898,1,1.0,1.0,2200000,5176.0,2
899,2,2.0,1.0,13000000,15687.005888125614,2
900,3,3.0,2.0,34000000,15687.005888125614,1
901,4,4.0,3.0,60000000,15687.005888125614,1
902,4,5.0,4.0,74500000,15687.005888125614,1
903,4,5.0,2.0,75000000,15687.005888125614,2
904,4,4.0,2.0,62500000,15687.005888125614,1
905,4,4.0,2.0,67000000,14888.0,2
906,2,2.0,2.0,8500000,14888.0,2
907,2,2.0,2.0,11500000,14888.0,2
908,4,5.0,3.0,52500000,14888.0,1
909,2,2.0,1.0,12000000,14888.0,1
910,2,2.0,2.0,10700000,14888.0,1
911,2,2.0,1.0,9000000,14888.0,1
912,3,4.0,1.0,100000000,14888.0,0
913,3,2.0,1.0,6200000,14888.0,1
914,3,2.0,1.0,17000000,14888.0,1
915,2,3.0,2.0,12500000,14888.0,1
916,2,2.0,3.0,13000000,14888.0,1
917,3,2.0,3.0,4200000,14888.0,2
918,4,4.0,2.0,36000000,14888.0,1
919,1,1.0,2.0,2300000,14888.0,2
920,2,2.0,2.0,8100000,7200.0,2
921,3,3.0,1.0,10000000,7200.0,1
922,4,5.0,1.0,62500000,7200.0,2
923,4,5.0,2.0,65000000,7200.0,1
924,3,2.0,2.0,20000000,7200.0,1
925,4,4.0,2.0,57500000,7200.0,1
926,3,3.0,2.0,30000000,7200.0,1
927,3,3.0,1.0,30000000,21429.0,1
928,3,3.0,2.0,30000000,21429.0,2
929,1,1.0,1.0,3300000,15687.005888125614,2
930,2,1.0,1.0,7350000,15687.005888125614,2
931,4,1.0,1.0,12500000,15687.005888125614,2
932,1,1.0,1.0,3500000,15687.005888125614,1
933,2,2.0,1.0,6500000,15687.005888125614,2
934,2,2.0,2.0,6900000,7666.0,0
935,1,1.0,1.0,3600000,7666.0,2
936,3,2.0,2.0,13500000,7666.0,1
937,3,2.0,1.0,9200000,9200.0,0
938,1,1.0,1.0,2500000,9200.0,2
939,3,2.0,1.0,17000000,9200.0,0
940,3,2.0,1.0,9030000,9200.0,1
941,3,2.0,1.0,9300000,8640.0,2
942,2,1.0,2.0,6500000,8640.0,1
943,2,1.0,2.0,3300000,8640.0,2
944,1,1.0,2.0,2400000,6486.0,2
945,3,3.0,1.0,15000000,8333.0,1
946,3,1.0,1.0,7000000,8333.0,2
947,1,1.0,1.0,4200000,12000.0,2
948,2,1.0,1.0,5800000,12000.0,0
949,3,2.0,1.0,4800000,12000.0,1
950,2,2.0,1.0,7500000,9375.0,1
951,1,1.0,1.0,3000000,9375.0,2
952,1,1.0,1.0,4300000,9375.0,2
953,1,1.0,1.0,2600000,5200.0,1
954,2,2.0,1.0,7000000,5200.0,2
955,2,2.0,1.0,6000000,7500.0,2
956,2,2.0,1.0,6700000,6700.0,1
957,3,3.0,1.0,9500000,9500.0,0
958,3,2.0,1.0,17000000,10625.0,1
959,2,2.0,1.0,8000000,15687.005888125614,1
960,3,3.0,1.0,12000000,15687.005888125614,1
961,2,2.0,1.0,9000000,15687.005888125614,1
962,3,2.0,2.0,11500000,15687.005888125614,1
963,4,3.0,1.0,20000000,15687.005888125614,0
964,2,2.0,1.0,8550000,15687.005888125614,1
965,4,4.0,1.0,10500000,15687.005888125614,1
966,3,2.0,2.0,12000000,15687.005888125614,0
967,3,2.0,1.0,11000000,15687.005888125614,2
968,3,2.0,1.0,12000000,15687.005888125614,1
969,2,2.0,1.0,9000000,15687.005888125614,2
970,2,2.0,1.0,10000000,15687.005888125614,1
971,2,2.0,1.0,8100000,15687.005888125614,2
972,3,3.0,1.0,9200000,15687.005888125614,0
973,3,3.0,1.0,14200000,15687.005888125614,1
974,2,2.0,1.0,7500000,15687.005888125614,1
975,2,2.0,1.0,9500000,15687.005888125614,1
976,3,2.0,1.0,14000000,9655.0,0
977,3,3.0,1.0,11600000,9655.0,1
978,3,3.0,1.0,12000000,9655.0,1
979,2,2.0,1.0,7500000,9655.0,1
980,3,2.0,2.0,9800000,9655.0,1
981,3,3.0,1.0,12000000,9655.0,1
982,3,2.0,1.0,12500000,9655.0,1
983,3,3.0,1.0,16500000,9655.0,1
984,3,3.0,1.0,12000000,9655.0,2
985,2,2.0,1.0,7200000,9655.0,2
986,3,3.0,2.0,15000000,10000.0,0
987,2,2.0,1.0,10000000,10000.0,1
988,3,3.0,1.0,11000000,10000.0,1
989,2,2.0,2.0,24700000,16466.0,0
990,2,2.0,2.0,24900000,25512.0,0
991,2,1.0,1.0,3600000,25512.0,1
992,1,1.0,1.0,1700000,25512.0,1
993,2,2.0,1.0,11000000,25512.0,2
994,4,4.0,2.0,75000000,30000.0,1
995,2,2.0,1.0,24800000,30000.0,2
996,2,2.0,1.0,24900000,30000.0,1
997,2,2.0,2.0,24900000,30000.0,2
998,2,2.0,2.0,25900000,16917.0,2
999,2,2.0,2.0,11700000,16917.0,2
1000,3,2.0,2.0,13500000,16917.0,0
1001,3,2.0,1.0,5500000,16917.0,0
1002,2,2.0,1.0,30000000,19841.0,2
1003,3,2.0,2.0,4950000,19841.0,1
1004,3,2.0,1.0,16000000,19841.0,1
1005,4,4.0,1.0,30000000,10320.0,1
1006,4,3.0,1.0,41000000,10320.0,1
1007,2,2.0,1.0,3800000,10320.0,1
1008,4,5.0,2.0,68900000,10320.0,2
1009,2,2.0,2.0,1800000,10320.0,2
1010,2,1.0,2.0,1500000,2778.0,2
1011,3,3.0,2.0,12500000,2778.0,1
1012,2,1.0,2.0,1600000,2778.0,1
1013,3,2.0,1.0,2400000,2778.0,1
1014,3,2.0,1.0,7000000,5556.0,1
1015,2,2.0,1.0,3100000,5556.0,2
1016,2,2.0,1.0,14500000,5556.0,1
1017,4,5.0,3.0,61500000,5556.0,1
1018,4,4.0,1.0,27500000,5556.0,1
1019,3,3.0,1.0,25500000,14366.0,1
1020,3,3.0,2.0,25000000,14366.0,0
1021,2,2.0,1.0,18500000,14776.0,1
1022,4,4.0,1.0,39700000,14776.0,1
1023,4,1.0,1.0,6800000,14776.0,1
1024,3,2.0,1.0,6540000,14776.0,1
1025,3,3.0,1.0,22000000,14776.0,1
1026,3,3.0,1.0,25500000,14366.0,1
1027,2,2.0,1.0,17000000,14366.0,1
1028,3,3.0,1.0,27500000,14382.0,1
1029,5,7.0,3.0,73700000,14092.0,2
1030,4,4.0,2.0,52300000,14092.0,2
1031,3,3.0,2.0,16000000,14092.0,2
1032,3,3.0,2.0,15000000,14092.0,0
1033,3,3.0,1.0,25500000,14366.0,1
1034,2,2.0,1.0,10000000,14815.0,1
1035,2,2.0,1.0,5000000,14815.0,2
1036,3,3.0,1.0,20000000,16584.0,1
1037,2,2.0,1.0,16000000,125984.0,2
1038,1,1.0,1.0,5500000,125984.0,1
1039,2,1.0,1.0,7000000,9722.0,1
1040,2,2.0,1.0,4100000,8761.0,2
1041,3,3.0,1.0,24000000,8761.0,1
1042,2,2.0,1.0,12500000,8761.0,0
1043,2,1.0,1.0,3900000,7290.0,0
1044,3,2.0,1.0,14500000,7290.0,1
1045,3,2.0,1.0,20000000,13324.0,1
1046,3,3.0,2.0,24500000,13324.0,0
1047,3,2.0,1.0,20900000,13324.0,1
1048,3,3.0,1.0,43100000,13324.0,1
1049,3,3.0,1.0,18000000,15687.005888125614,2
1050,4,5.0,2.0,50000000,15687.005888125614,1
1051,3,2.0,1.0,18500000,15687.005888125614,2
1052,4,5.0,3.0,46500000,15687.005888125614,1
1053,3,3.0,2.0,17500000,15687.005888125614,2
1054,4,5.0,2.0,42500000,15687.005888125614,1
1055,3,3.0,2.0,15500000,15687.005888125614,1
1056,2,2.0,2.0,15000000,15687.005888125614,0
1057,4,4.0,2.0,40000000,14285.0,2
1058,3,3.0,1.0,20000000,12151.0,2
1059,2,2.0,1.0,6700000,12151.0,1
1060,3,2.0,1.0,16000000,12151.0,1
1061,3,2.0,1.0,8000000,8889.0,2
1062,3,2.0,2.0,25000000,8889.0,2
1063,3,2.0,2.0,25000000,8889.0,2
1064,4,5.0,2.0,37500000,8889.0,2
1065,3,3.0,1.0,25000000,8889.0,1
1066,3,3.0,1.0,23000000,8889.0,2
1067,3,2.0,2.0,17500000,8889.0,1
1068,4,4.0,1.0,44000000,8889.0,2
1069,3,3.0,2.0,15000000,8889.0,1
1070,4,5.0,2.0,42500000,15178.0,1
1071,2,2.0,2.0,5000000,5806.0,0
1072,4,5.0,2.0,38000000,5806.0,2
1073,3,3.0,1.0,19000000,10838.0,2
1074,4,5.0,3.0,43500000,10838.0,2
1075,3,2.0,3.0,19500000,10838.0,2
1076,3,2.0,2.0,14200000,10838.0,1
1077,3,2.0,2.0,14200000,10838.0,1
1078,2,2.0,2.0,13500000,10838.0,1
1079,3,3.0,2.0,21000000,15687.005888125614,1
1080,3,3.0,1.0,22500000,15687.005888125614,1
1081,2,4.0,1.0,19000000,15687.005888125614,1
1082,3,2.0,1.0,7500000,15687.005888125614,1
1083,2,2.0,1.0,4000000,15687.005888125614,1
1084,3,3.0,2.0,8000000,15687.005888125614,2
1085,3,4.0,2.0,19000000,10556.0,1
1086,1,1.0,2.0,7000000,10556.0,2
1087,3,3.0,1.0,5800000,10556.0,2
1088,3,2.0,1.0,8000000,10556.0,1
1089,3,4.0,1.0,18800000,10556.0,2
1090,3,2.0,1.0,6000000,10556.0,1
1091,1,1.0,1.0,2200000,10556.0,2
1092,3,2.0,1.0,6500000,10556.0,1
1093,3,2.0,1.0,23500000,10556.0,2
1094,2,2.0,2.0,16000000,12307.0,1
1095,3,3.0,2.0,20000000,12307.0,2
1096,2,2.0,2.0,5500000,12307.0,2
1097,2,2.0,1.0,13500000,15882.0,1
1098,3,3.0,1.0,22500000,15882.0,1
1099,2,2.0,1.0,3800000,15882.0,2
1100,2,2.0,1.0,4600000,65714.0,1
1101,2,1.0,2.0,17500000,65714.0,1
1102,4,3.0,2.0,5500000,65714.0,0
1103,3,3.0,2.0,22500000,65714.0,1
1104,2,2.0,1.0,12500000,11363.0,1
1105,3,2.0,2.0,19000000,13571.0,1
1106,2,2.0,2.0,15500000,11923.0,1
1107,2,2.0,2.0,13500000,12272.0,1
1108,3,3.0,2.0,21000000,13125.0,1
1109,4,4.0,2.0,50000000,15687.005888125614,1
1110,4,3.0,2.0,42500000,15687.005888125614,2
1111,4,4.0,2.0,45500000,15687.005888125614,2
1112,3,3.0,2.0,23000000,15687.005888125614,1
1113,3,3.0,1.0,12000000,15687.005888125614,2
1114,3,3.0,4.0,35000000,13608.0,0
1115,3,3.0,1.0,25000000,11905.0,1
1116,3,3.0,1.0,29000000,11905.0,1
1117,4,4.0,2.0,80000000,11905.0,1
1118,3,3.0,2.0,20500000,11905.0,1
1119,4,4.0,1.0,52500000,11905.0,1
1120,4,4.0,2.0,37500000,11905.0,2
1121,2,2.0,2.0,7500000,11905.0,1
1122,3,3.0,2.0,32500000,11905.0,1
1123,3,3.0,2.0,24500000,11905.0,2
1124,5,5.0,2.0,65000000,11905.0,2
1125,3,3.0,2.0,27500000,11905.0,1
1126,5,5.0,1.0,115000000,11905.0,1
1127,3,3.0,1.0,28000000,11905.0,1
1128,2,1.0,1.0,8000000,9909.0,1
1129,4,4.0,3.0,75100000,9909.0,0
1130,2,2.0,1.0,7800000,7800.0,1
1131,2,2.0,1.0,15000000,16667.0,1
1132,3,3.0,1.0,27500000,15278.0,0
1133,3,3.0,2.0,25000000,15278.0,1
1134,4,4.0,1.0,26000000,15278.0,1
1135,3,3.0,1.0,23500000,15278.0,2
1136,3,1.0,1.0,4200000,15278.0,2
1137,2,2.0,1.0,10000000,15278.0,2
1138,2,2.0,1.0,18500000,15278.0,1
1139,2,2.0,1.0,16500000,15687.005888125614,2
1140,2,2.0,2.0,13800000,15687.005888125614,1
1141,3,3.0,2.0,21000000,15687.005888125614,1
1142,3,3.0,2.0,22500000,15687.005888125614,1
1143,2,2.0,2.0,15000000,15687.005888125614,1
1144,3,3.0,2.0,20000000,15687.005888125614,1
1145,3,3.0,2.0,20000000,15687.005888125614,0
1146,3,2.0,2.0,26000000,15687.005888125614,1
1147,3,3.0,2.0,19500000,15687.005888125614,1
1148,4,2.0,1.0,21500000,15687.005888125614,1
1149,3,3.0,1.0,26500000,15687.005888125614,2
1150,3,3.0,2.0,20000000,12500.0,1
1151,3,3.0,1.0,18000000,12500.0,0
1152,3,2.0,1.0,19000000,12500.0,2
1153,4,4.0,2.0,36500000,12500.0,2
1154,2,2.0,2.0,15000000,12500.0,2
1155,2,2.0,2.0,17500000,12500.0,1
1156,2,2.0,2.0,14000000,12500.0,1
1157,3,3.0,2.0,21000000,12500.0,1
1158,3,2.0,2.0,15600000,12500.0,2
1159,3,3.0,2.0,19000000,12500.0,2
1160,2,2.0,1.0,16500000,12500.0,2
1161,3,3.0,1.0,19000000,12500.0,2
1162,2,2.0,1.0,16500000,12500.0,2
1163,1,1.0,1.0,3000000,12500.0,1
1164,2,2.0,1.0,15000000,11538.0,1
1165,2,2.0,1.0,14300000,11538.0,2
1166,3,2.0,1.0,18500000,11538.0,2
1167,3,3.0,1.0,19000000,11538.0,0
1168,3,3.0,1.0,19000000,11538.0,1
1169,2,2.0,1.0,3300000,15687.005888125614,1
1170,2,2.0,1.0,3800000,15687.005888125614,1
1171,3,3.0,1.0,7000000,15687.005888125614,1
1172,3,3.0,2.0,16500000,15687.005888125614,1
1173,3,2.0,1.0,8000000,15687.005888125614,1
1174,1,1.0,1.0,5600000,15687.005888125614,2
1175,2,2.0,1.0,21000000,15687.005888125614,0
1176,3,3.0,2.0,21000000,15687.005888125614,1
1177,3,3.0,2.0,8600000,15687.005888125614,1
1178,3,2.0,2.0,6600000,15687.005888125614,1
1179,3,3.0,2.0,14000000,15687.005888125614,1
1180,2,2.0,2.0,4700000,15687.005888125614,2
1181,3,3.0,1.0,30000000,15687.005888125614,2
1182,3,3.0,2.0,26000000,15687.005888125614,1
1183,2,2.0,2.0,18500000,15687.005888125614,0
1184,2,2.0,2.0,6500000,15687.005888125614,1
1185,2,2.0,2.0,15000000,15687.005888125614,2
1186,2,2.0,1.0,8000000,10000.0,1
1187,2,3.0,2.0,16100000,10000.0,1
1188,3,3.0,1.0,6800000,10000.0,1
1189,3,2.0,1.0,6800000,10000.0,0
1190,2,2.0,1.0,9000000,10000.0,2
1191,2,2.0,1.0,18000000,18000.0,1
1192,3,3.0,2.0,27500000,18000.0,2
1193,3,2.0,1.0,13500000,18000.0,2
1194,2,2.0,1.0,14000000,18000.0,1
1195,2,2.0,1.0,9000000,18000.0,0
1196,2,2.0,1.0,16000000,18000.0,2
1197,2,3.0,1.0,11000000,18000.0,1
1198,2,2.0,1.0,5500000,18000.0,2
1199,3,3.0,1.0,47500000,15687.005888125614,2
1200,3,4.0,2.0,45000000,15687.005888125614,2
1201,3,3.0,2.0,43500000,24166.0,1
1202,5,5.0,3.0,180000000,30000.0,1
1203,4,4.0,2.0,80000000,30000.0,1
1204,3,3.0,2.0,37500000,30000.0,2
1205,4,4.0,2.0,60000000,30000.0,2
1206,3,3.0,2.0,71000000,30000.0,1
1207,3,3.0,2.0,18500000,30000.0,2
1208,4,4.0,2.0,70000000,30000.0,1
1209,4,5.0,2.0,85000000,170000.0,1
1210,4,5.0,3.0,190000000,170000.0,2
1211,4,6.0,2.0,135000000,170000.0,1
1212,3,3.0,2.0,35000000,170000.0,2
1213,4,4.0,2.0,65000000,18055.0,1
1214,2,2.0,1.0,27500000,18055.0,0
1215,3,4.0,2.0,45000000,18055.0,2
1216,4,4.0,3.0,100000000,18055.0,2
1217,3,4.0,2.0,47000000,18055.0,1
1218,3,4.0,2.0,27500000,18055.0,1
1219,4,5.0,3.0,70000000,25000.0,1
1220,3,3.0,1.0,36500000,25000.0,1
1221,4,5.0,1.0,65000000,25000.0,2
1222,3,4.0,1.0,35000000,17677.0,2
1223,4,5.0,1.0,56000000,17677.0,1
1224,4,4.0,2.0,110000000,17677.0,2
1225,3,3.0,1.0,24000000,17677.0,1
1226,4,4.0,1.0,102500000,17677.0,1
1227,4,4.0,2.0,100000000,37037.0,1
1228,3,3.0,1.0,45000000,37037.0,1
1229,3,3.0,1.0,29000000,15687.005888125614,2
1230,3,3.0,1.0,25500000,15687.005888125614,1
1231,3,3.0,2.0,33500000,20938.0,1
1232,4,5.0,3.0,62500000,20938.0,1
1233,3,3.0,2.0,47500000,20938.0,1
1234,3,3.0,1.0,14700000,20938.0,1
1235,2,3.0,1.0,18000000,20938.0,1
1236,3,3.0,1.0,22500000,20938.0,1
1237,3,3.0,1.0,22000000,18333.0,2
1238,3,3.0,1.0,22200000,18333.0,1
1239,3,3.0,1.0,22500000,18333.0,1
1240,2,2.0,1.0,7500000,18333.0,1
1241,4,4.0,5.0,30000000,18333.0,0
1242,2,1.0,5.0,6500000,6878.0,2
1243,3,3.0,5.0,35000000,6878.0,2
1244,3,2.0,1.0,17500000,6878.0,1
1245,4,5.0,2.0,60000000,6878.0,1
1246,4,4.0,2.0,40000000,6878.0,1
1247,3,3.0,2.0,11500000,6878.0,1
1248,3,3.0,2.0,22500000,6878.0,1
1249,3,4.0,2.0,28500000,6878.0,1
1250,3,3.0,2.0,29000000,6878.0,1
1251,3,2.0,1.0,15500000,12916.0,1
1252,3,3.0,1.0,26000000,12916.0,1
1253,3,3.0,1.0,16500000,12916.0,1
1254,4,5.0,3.0,55000000,12916.0,2
1255,3,2.0,3.0,12500000,12916.0,1
1256,3,3.0,3.0,17500000,12916.0,1
1257,2,2.0,1.0,11500000,12916.0,2
1258,3,3.0,1.0,18500000,12916.0,2
